feature,group,psi_valid_vs_train,psi_test_vs_train,status
tenure_months,demographic,0.1075,0.2334,watch
txn_p3,behavioural,0.1021,0.1974,watch
active_ratio_6m,behavioural,0.102,0.1864,watch
spend_cv_6m,behavioural,0.0821,0.1774,watch
spend_p3,behavioural,0.0911,0.1643,watch
promo_pct_6m,behavioural,0.0793,0.1494,watch
active_months_l3,behavioural,0.0652,0.1379,watch
recency_months,behavioural,0.0629,0.1374,watch
categories_l3,behavioural,0.0456,0.1117,watch
app_l3,engagement,0.0479,0.1064,watch
txn_slope_6m,behavioural,0.0434,0.1029,watch
avg_basket_l3,behavioural,0.0417,0.1005,watch
spend_change_pct,behavioural,0.0398,0.0993,stable
txn_l3,behavioural,0.0448,0.0924,stable
spend_l3,behavioural,0.0354,0.0894,stable
txn_last_month,behavioural,0.0346,0.0808,stable
app_slope_6m,engagement,0.0232,0.0775,stable
app_p3,engagement,0.0344,0.0767,stable
txn_change_pct,behavioural,0.0377,0.0759,stable
email_l3,engagement,0.0201,0.074,stable
app_change_pct,engagement,0.0265,0.0676,stable
email_p3,engagement,0.0269,0.0578,stable
email_change_pct,engagement,0.0202,0.0509,stable
coupons_l3,engagement,0.016,0.0489,stable
coupons_p3,engagement,0.0221,0.0372,stable
tickets_6m,support,0.0048,0.0236,stable
months_since_ticket,support,0.0055,0.0236,stable
tickets_l3,support,0.0043,0.0205,stable
tickets_p3,support,0.001,0.0048,stable
short_history,history,0.0026,0.003,stable
history_months,history,0.0026,0.003,stable
complaint_l3,support,0.0,0.0022,stable
complaints_6m,support,0.0002,0.0019,stable
missing_months_6m,history,0.0053,0.0014,stable
age,demographic,0.0003,0.0007,stable
age_missing,demographic,0.0001,0.0003,stable
marketing_opt_in,demographic,0.0,0.0003,stable
tier_rank,demographic,0.0,0.0,stable
