dimension,group,members,churners,observed_churn,mean_predicted,recall,precision,false_positive_rate
age_band,18-34,524,49,0.0935,0.1008,0.7347,0.6667,0.0379
age_band,35-54,583,51,0.0875,0.1009,0.7255,0.6491,0.0376
age_band,55+,608,64,0.1053,0.1097,0.8125,0.7647,0.0294
gender,F,897,84,0.0936,0.102,0.7619,0.6737,0.0381
gender,M,723,69,0.0954,0.1031,0.7391,0.7083,0.0321
gender,Other,63,6,0.0952,0.1059,0.8333,0.8333,0.0175
gender,Unknown,32,5,0.1562,0.1786,1.0,0.8333,0.037
city,Austin,159,18,0.1132,0.1375,0.8889,0.7619,0.0355
city,Boise,166,19,0.1145,0.1138,0.7368,0.7,0.0408
city,Columbus,164,18,0.1098,0.1332,0.7222,0.619,0.0548
city,Denver,173,15,0.0867,0.097,0.8,0.7059,0.0316
city,Madison,175,18,0.1029,0.105,0.7222,0.65,0.0446
city,Nashville,151,11,0.0728,0.0808,0.7273,0.7273,0.0214
city,Portland,165,16,0.097,0.104,0.8125,0.7222,0.0336
city,Raleigh,190,14,0.0737,0.1033,0.8571,0.6,0.0455
city,Spokane,173,17,0.0983,0.0844,0.6471,0.7857,0.0192
city,Tulsa,199,18,0.0905,0.0855,0.7222,0.7647,0.0221
tier,Gold,554,54,0.0975,0.1091,0.9074,0.7656,0.03
tier,Platinum,202,19,0.0941,0.078,0.5263,0.7143,0.0219
tier,Silver,959,91,0.0949,0.1065,0.7253,0.6535,0.0403
