threshold,members_targeted,net_value,precision,recall,f1
0.02,558,-1715.6629,0.2849,0.9695,0.4404
0.03,493,-1109.4431,0.3185,0.9573,0.4779
0.04,446,-675.2752,0.3498,0.9512,0.5115
0.05,415,-399.4962,0.3735,0.9451,0.5354
0.06,382,-115.3756,0.3979,0.9268,0.5568
0.07,369,-1.403,0.4092,0.9207,0.5666
0.08,345,195.6726,0.4319,0.9085,0.5855
0.09,328,328.741,0.4543,0.9085,0.6057
0.1,313,440.0671,0.4665,0.8902,0.6122
0.11,300,535.8117,0.4833,0.8841,0.625
0.12,294,581.3334,0.4898,0.878,0.6288
0.13,283,666.1795,0.5053,0.872,0.6398
0.14,275,728.9353,0.5164,0.8659,0.6469
0.15,263,810.5541,0.5399,0.8659,0.6651
0.16,261,824.2817,0.5441,0.8659,0.6682
0.17,251,895.5478,0.5618,0.8598,0.6795
0.18,247,919.0153,0.5709,0.8598,0.6861
0.19,242,943.6094,0.5702,0.8415,0.6798
0.2,240,959.3467,0.575,0.8415,0.6832
0.21,235,996.5973,0.5872,0.8415,0.6917
0.22,230,1016.6114,0.5913,0.8293,0.6904
0.23,225,1029.0582,0.6,0.8232,0.6941
0.24,220,1053.7369,0.6136,0.8232,0.7031
0.25,217,1072.0776,0.6221,0.8232,0.7087
0.26,210,1097.1589,0.6286,0.8049,0.7059
0.27,205,1123.5612,0.6439,0.8049,0.7154
0.28,200,1146.7192,0.645,0.7866,0.7088
0.29,199,1150.9743,0.6482,0.7866,0.7107
0.3,197,1160.4661,0.6497,0.7805,0.7091
0.31,196,1167.9051,0.6531,0.7805,0.7111
0.32,193,1178.8046,0.658,0.7744,0.7115
0.33,192,1185.6067,0.6562,0.7683,0.7079
0.34,191,1173.3113,0.6597,0.7683,0.7099
0.35,189,1170.8491,0.6614,0.7622,0.7082
0.36,185,1181.2726,0.6757,0.7622,0.7163
0.37,179,1193.4236,0.6983,0.7622,0.7289
0.38,178,1194.9069,0.7022,0.7622,0.731
0.39,172,1206.6899,0.7209,0.7561,0.7381
0.4,172,1206.6899,0.7209,0.7561,0.7381
0.41,171,1212.0733,0.7251,0.7561,0.7403
0.42,167,1222.4071,0.7365,0.75,0.7432
0.43,165,1225.1763,0.7394,0.7439,0.7416
0.44,162,1228.441,0.7531,0.7439,0.7485
0.45,160,1228.7309,0.75,0.7317,0.7407
0.46,159,1222.8152,0.7484,0.7256,0.7368
0.47,159,1222.8152,0.7484,0.7256,0.7368
0.48,157,1216.6308,0.7516,0.7195,0.7352
0.49,153,1224.477,0.7647,0.7134,0.7382
0.5,152,1220.7904,0.7632,0.7073,0.7342
0.51,149,1228.3584,0.7718,0.7012,0.7348
0.52,148,1206.0805,0.7703,0.6951,0.7308
0.53,146,1197.3956,0.774,0.689,0.729
0.54,146,1197.3956,0.774,0.689,0.729
0.55,142,1174.5261,0.7887,0.6829,0.732
0.56,141,1169.3724,0.7872,0.6768,0.7279
0.57,139,1181.3511,0.7986,0.6768,0.7327
0.58,135,1175.3855,0.8148,0.6707,0.7358
0.59,132,1171.5503,0.8106,0.6524,0.723
0.6,128,1153.2606,0.8047,0.628,0.7055
0.61,127,1136.033,0.811,0.628,0.7079
0.62,125,1123.3808,0.816,0.622,0.7059
0.63,124,1128.7767,0.8226,0.622,0.7083
0.64,123,1130.9889,0.8293,0.622,0.7108
0.65,121,1134.7399,0.843,0.622,0.7158
0.66,120,1139.4277,0.8417,0.6159,0.7113
0.67,118,1127.9775,0.8559,0.6159,0.7163
0.68,116,1127.5089,0.8534,0.6037,0.7071
0.69,115,1118.3808,0.8609,0.6037,0.7097
0.7,113,1104.6717,0.8673,0.5976,0.7076
0.71,110,1111.2661,0.8727,0.5854,0.7007
0.72,107,1093.4844,0.8692,0.5671,0.6863
0.73,106,1090.1994,0.8679,0.561,0.6815
0.74,106,1090.1994,0.8679,0.561,0.6815
0.75,105,1083.9077,0.8667,0.5549,0.6766
0.76,103,1092.2271,0.8641,0.5427,0.6667
0.77,100,1092.6276,0.87,0.5305,0.6591
0.78,97,1096.0352,0.8763,0.5183,0.6513
0.79,95,1098.1041,0.8737,0.5061,0.6409
0.8,93,1078.4225,0.871,0.4939,0.6304
0.81,90,1056.5362,0.8778,0.4817,0.622
0.82,89,1052.0043,0.8764,0.4756,0.6166
0.83,88,1048.4873,0.875,0.4695,0.6111
0.84,85,1036.8573,0.8941,0.4634,0.6104
0.85,82,1016.9047,0.8902,0.4451,0.5935
0.86,80,989.769,0.8875,0.4329,0.582
0.87,77,928.6454,0.8831,0.4146,0.5643
0.88,75,913.9532,0.88,0.4024,0.5523
0.89,72,856.7348,0.875,0.3841,0.5339
0.9,66,769.3977,0.8939,0.3598,0.513
0.91,62,717.514,0.8871,0.3354,0.4867
0.92,53,638.0244,0.9057,0.2927,0.4424
0.93,51,632.468,0.9216,0.2866,0.4372
0.94,44,492.1264,0.9091,0.2439,0.3846
0.95,31,349.8117,0.9677,0.1829,0.3077
