strategy,relative_uplift,net_value
A. Blanket coupon,0.0,-23680.0
B. Targeted coupon,0.0,-1790.0
"C1. Outreach, rule-based",0.0,-5745.0
"C2. Outreach, model-targeted",0.0,-1410.0
A. Blanket coupon,0.01,-22558.5
B. Targeted coupon,0.01,-1591.11
"C1. Outreach, rule-based",0.01,-5609.1
"C2. Outreach, model-targeted",0.01,-1295.7
A. Blanket coupon,0.02,-21437.0
B. Targeted coupon,0.02,-1392.21
"C1. Outreach, rule-based",0.02,-5473.2
"C2. Outreach, model-targeted",0.02,-1181.4
A. Blanket coupon,0.03,-20315.51
B. Targeted coupon,0.03,-1193.32
"C1. Outreach, rule-based",0.03,-5337.3
"C2. Outreach, model-targeted",0.03,-1067.1
A. Blanket coupon,0.04,-19194.01
B. Targeted coupon,0.04,-994.42
"C1. Outreach, rule-based",0.04,-5201.4
"C2. Outreach, model-targeted",0.04,-952.8
A. Blanket coupon,0.05,-18072.51
B. Targeted coupon,0.05,-795.53
"C1. Outreach, rule-based",0.05,-5065.49
"C2. Outreach, model-targeted",0.05,-838.5
A. Blanket coupon,0.06,-17807.53
B. Targeted coupon,0.06,-596.63
"C1. Outreach, rule-based",0.06,-4929.59
"C2. Outreach, model-targeted",0.06,-724.19
A. Blanket coupon,0.07,-17542.55
B. Targeted coupon,0.07,-397.74
"C1. Outreach, rule-based",0.07,-4793.69
"C2. Outreach, model-targeted",0.07,-609.89
A. Blanket coupon,0.08,-17277.57
B. Targeted coupon,0.08,-198.84
"C1. Outreach, rule-based",0.08,-4657.79
"C2. Outreach, model-targeted",0.08,-495.59
A. Blanket coupon,0.09,-17012.59
B. Targeted coupon,0.09,0.05
"C1. Outreach, rule-based",0.09,-4521.89
"C2. Outreach, model-targeted",0.09,-381.29
A. Blanket coupon,0.1,-16747.61
B. Targeted coupon,0.1,198.95
"C1. Outreach, rule-based",0.1,-4385.99
"C2. Outreach, model-targeted",0.1,-266.99
A. Blanket coupon,0.11,-16482.63
B. Targeted coupon,0.11,397.84
"C1. Outreach, rule-based",0.11,-4250.09
"C2. Outreach, model-targeted",0.11,-152.69
A. Blanket coupon,0.12,-16217.65
B. Targeted coupon,0.12,596.74
"C1. Outreach, rule-based",0.12,-4114.19
"C2. Outreach, model-targeted",0.12,-38.39
A. Blanket coupon,0.13,-15952.67
B. Targeted coupon,0.13,795.63
"C1. Outreach, rule-based",0.13,-3978.29
"C2. Outreach, model-targeted",0.13,75.91
A. Blanket coupon,0.14,-15687.69
B. Targeted coupon,0.14,994.53
"C1. Outreach, rule-based",0.14,-3842.38
"C2. Outreach, model-targeted",0.14,190.21
A. Blanket coupon,0.15,-15422.71
B. Targeted coupon,0.15,1193.42
"C1. Outreach, rule-based",0.15,-3706.48
"C2. Outreach, model-targeted",0.15,304.51
A. Blanket coupon,0.16,-15157.73
B. Targeted coupon,0.16,1392.32
"C1. Outreach, rule-based",0.16,-3570.58
"C2. Outreach, model-targeted",0.16,418.81
A. Blanket coupon,0.17,-14892.75
B. Targeted coupon,0.17,1591.21
"C1. Outreach, rule-based",0.17,-3434.68
"C2. Outreach, model-targeted",0.17,533.11
A. Blanket coupon,0.18,-14627.77
B. Targeted coupon,0.18,1790.11
"C1. Outreach, rule-based",0.18,-3298.78
"C2. Outreach, model-targeted",0.18,647.42
A. Blanket coupon,0.19,-14362.79
B. Targeted coupon,0.19,1989.0
"C1. Outreach, rule-based",0.19,-3162.88
"C2. Outreach, model-targeted",0.19,761.72
A. Blanket coupon,0.2,-14097.81
B. Targeted coupon,0.2,2187.9
"C1. Outreach, rule-based",0.2,-3026.98
"C2. Outreach, model-targeted",0.2,876.02
A. Blanket coupon,0.21,-13832.83
B. Targeted coupon,0.21,2386.79
"C1. Outreach, rule-based",0.21,-2891.08
"C2. Outreach, model-targeted",0.21,990.32
A. Blanket coupon,0.22,-13567.85
B. Targeted coupon,0.22,2585.69
"C1. Outreach, rule-based",0.22,-2755.18
"C2. Outreach, model-targeted",0.22,1104.62
A. Blanket coupon,0.23,-13302.87
B. Targeted coupon,0.23,2784.58
"C1. Outreach, rule-based",0.23,-2619.28
"C2. Outreach, model-targeted",0.23,1218.92
A. Blanket coupon,0.24,-13037.89
B. Targeted coupon,0.24,2983.48
"C1. Outreach, rule-based",0.24,-2483.37
"C2. Outreach, model-targeted",0.24,1333.22
A. Blanket coupon,0.25,-12772.91
B. Targeted coupon,0.25,3182.37
"C1. Outreach, rule-based",0.25,-2347.47
"C2. Outreach, model-targeted",0.25,1447.52
A. Blanket coupon,0.26,-12507.94
B. Targeted coupon,0.26,3381.27
"C1. Outreach, rule-based",0.26,-2211.57
"C2. Outreach, model-targeted",0.26,1561.82
A. Blanket coupon,0.27,-12242.96
B. Targeted coupon,0.27,3580.16
"C1. Outreach, rule-based",0.27,-2075.67
"C2. Outreach, model-targeted",0.27,1676.12
A. Blanket coupon,0.28,-11977.98
B. Targeted coupon,0.28,3779.06
"C1. Outreach, rule-based",0.28,-1939.77
"C2. Outreach, model-targeted",0.28,1790.42
A. Blanket coupon,0.29,-11713.0
B. Targeted coupon,0.29,3977.95
"C1. Outreach, rule-based",0.29,-1803.87
"C2. Outreach, model-targeted",0.29,1904.73
A. Blanket coupon,0.3,-11448.02
B. Targeted coupon,0.3,4176.85
"C1. Outreach, rule-based",0.3,-1667.97
"C2. Outreach, model-targeted",0.3,2019.03
A. Blanket coupon,0.31,-11183.04
B. Targeted coupon,0.31,4375.74
"C1. Outreach, rule-based",0.31,-1532.07
"C2. Outreach, model-targeted",0.31,2133.33
A. Blanket coupon,0.32,-10918.06
B. Targeted coupon,0.32,4574.64
"C1. Outreach, rule-based",0.32,-1396.17
"C2. Outreach, model-targeted",0.32,2247.63
A. Blanket coupon,0.33,-10653.08
B. Targeted coupon,0.33,4773.53
"C1. Outreach, rule-based",0.33,-1260.26
"C2. Outreach, model-targeted",0.33,2361.93
A. Blanket coupon,0.34,-10388.1
B. Targeted coupon,0.34,4972.43
"C1. Outreach, rule-based",0.34,-1124.36
"C2. Outreach, model-targeted",0.34,2476.23
A. Blanket coupon,0.35,-10123.12
B. Targeted coupon,0.35,5171.32
"C1. Outreach, rule-based",0.35,-988.46
"C2. Outreach, model-targeted",0.35,2590.53
A. Blanket coupon,0.36,-9858.14
B. Targeted coupon,0.36,5370.22
"C1. Outreach, rule-based",0.36,-852.56
"C2. Outreach, model-targeted",0.36,2704.83
A. Blanket coupon,0.37,-9593.16
B. Targeted coupon,0.37,5569.11
"C1. Outreach, rule-based",0.37,-716.66
"C2. Outreach, model-targeted",0.37,2819.13
A. Blanket coupon,0.38,-9328.18
B. Targeted coupon,0.38,5768.01
"C1. Outreach, rule-based",0.38,-580.76
"C2. Outreach, model-targeted",0.38,2933.43
A. Blanket coupon,0.39,-9063.2
B. Targeted coupon,0.39,5966.9
"C1. Outreach, rule-based",0.39,-444.86
"C2. Outreach, model-targeted",0.39,3047.73
A. Blanket coupon,0.4,-8798.22
B. Targeted coupon,0.4,6165.8
"C1. Outreach, rule-based",0.4,-308.96
"C2. Outreach, model-targeted",0.4,3162.04
