population,dimension,segment_value,members,predicted_risk,observed_churn,high_risk_share,revenue_at_risk
All eligible,tier,Gold,751,0.3372,0.3302,0.3475,143788.7603
All eligible,tier,Platinum,277,0.3208,0.3394,0.3213,64096.4212
All eligible,tier,Silver,1340,0.3549,0.3515,0.3597,240714.143
All eligible,city,Austin,240,0.422,0.4083,0.425,53471.7141
All eligible,city,Boise,226,0.3427,0.3496,0.354,43653.1879
All eligible,city,Columbus,243,0.4096,0.3992,0.4115,54335.8282
All eligible,city,Denver,233,0.3234,0.3176,0.3305,41715.7704
All eligible,city,Madison,233,0.3227,0.3262,0.3348,43551.3004
All eligible,city,Nashville,221,0.3653,0.3575,0.3665,44032.4841
All eligible,city,Portland,215,0.3065,0.307,0.3163,37235.1985
All eligible,city,Raleigh,260,0.3384,0.3231,0.3462,48490.1509
All eligible,city,Spokane,228,0.3006,0.3158,0.3026,37604.7621
All eligible,city,Tulsa,269,0.3184,0.3271,0.3234,44508.9277
All eligible,signup_cohort,2021,714,0.3988,0.3866,0.4104,160219.7781
All eligible,signup_cohort,2022,754,0.3939,0.4045,0.4019,166271.3981
All eligible,signup_cohort,2023,776,0.2948,0.2938,0.2951,120187.046
All eligible,signup_cohort,2024,124,0.0576,0.0323,0.0565,1921.1023
Active only,tier,Gold,554,0.1091,0.0975,0.1155,41199.6397
Active only,tier,Platinum,202,0.078,0.0941,0.0693,11887.9356
Active only,tier,Silver,959,0.1065,0.0949,0.1053,52904.2987
Active only,city,Austin,159,0.1375,0.1132,0.1321,13804.7547
Active only,city,Boise,166,0.1138,0.1145,0.1205,11504.0397
Active only,city,Columbus,164,0.1332,0.1098,0.128,13328.8908
Active only,city,Denver,173,0.097,0.0867,0.0983,8358.7311
Active only,city,Madison,175,0.105,0.1029,0.1143,10416.3897
Active only,city,Nashville,151,0.0808,0.0728,0.0728,7315.8077
Active only,city,Portland,165,0.104,0.097,0.1091,11236.4079
Active only,city,Raleigh,190,0.1033,0.0737,0.1053,11587.5166
Active only,city,Spokane,173,0.0844,0.0983,0.0809,8452.0853
Active only,city,Tulsa,199,0.0855,0.0905,0.0854,9987.2506
Active only,signup_cohort,2021,472,0.1008,0.0763,0.1081,27269.0782
Active only,signup_cohort,2022,505,0.1046,0.1109,0.1069,34442.0049
Active only,signup_cohort,2023,614,0.1153,0.1107,0.1091,42359.6888
Active only,signup_cohort,2024,124,0.0576,0.0323,0.0565,1921.1023
