feature,mean_abs_shap_active,mean_abs_shap_active_gradient_boosting,group
email_l3,0.63579,0.53614,engagement
txn_l3,0.59381,0.60255,behavioural
txn_last_month,0.52207,0.90422,behavioural
txn_slope_6m,0.47963,0.14197,behavioural
spend_l3,0.41874,0.62203,behavioural
app_l3,0.34756,0.68914,engagement
marketing_opt_in,0.32283,0.08451,demographic
recency_months,0.31497,0.21575,behavioural
tickets_l3,0.30904,0.15923,support
app_change_pct,0.26129,0.16908,engagement
categories_l3,0.25105,0.07887,behavioural
coupons_l3,0.22116,0.17003,engagement
email_p3,0.18197,0.08575,engagement
tickets_6m,0.1645,0.00674,support
app_p3,0.1588,0.01891,engagement
coupons_p3,0.13471,0.13137,engagement
home_store_price_tier,0.13383,0.07379,demographic
months_since_ticket,0.13047,0.23091,support
missing_months_6m,0.12595,0.0808,history
preferred_category,0.12339,0.06261,demographic
spend_change_pct,0.11779,0.14903,behavioural
complaints_6m,0.11626,0.0,support
complaint_l3,0.10184,0.02681,support
city,0.08939,0.02409,demographic
gender,0.0797,0.02247,demographic
app_slope_6m,0.07784,0.11031,engagement
promo_pct_6m,0.07312,0.06974,behavioural
history_months,0.06522,0.01294,history
active_months_l3,0.06408,0.00387,behavioural
active_ratio_6m,0.05682,0.02674,behavioural
tickets_p3,0.052,0.0,support
avg_basket_l3,0.0518,0.22186,behavioural
short_history,0.05045,0.0,history
spend_p3,0.04307,0.0243,behavioural
txn_change_pct,0.03132,0.07889,behavioural
tenure_months,0.02225,0.02024,demographic
txn_p3,0.0215,0.07153,behavioural
email_change_pct,0.01895,0.02618,engagement
age,0.01876,0.05194,demographic
spend_cv_6m,0.01503,0.07141,behavioural
age_missing,0.01312,0.0,demographic
tier_rank,0.0085,0.0,demographic
